index	SBS1	SBS40	SBS31
ACAA	0.0008760228603560022	0.02832323936419425	0.009609121831171135
ACCA	0.0022201195808427055	0.013254349411639324	0.018351300889037366
ACGA	0.00017972720567980044	0.003011865015639606	0.0017171263441314061
ACTA	0.001265052637841803	0.014858413455546327	0.006322835427448423
CCAA	0.00030502624638510076	0.02065656234250184	0.010656632802061838
CCCA	0.0017382587247194044	0.014500761793835727	0.011475536100190841
CCGA	9.195448204649902e-05	0.002545674096797805	0.0003306789085155012
CCTA	2.1802209754594154e-16	0.014599066338439527	0.0277877550055562
GCAA	0.001556269598965004	0.014207844260768626	0.013144759661355247
GCCA	0.0003293191711604008	0.01006536629018512	0.021276950479861775
GCGA	0.0005827681229553014	0.002571638766886905	0.0009830544177000034
GCTA	2.1854273864506853e-16	0.01075145818688172	0.0035042270836771125
TCAA	6.506497550281007e-05	0.02611600972749105	0.0018736476754551068
TCCA	0.002497180274211606	0.021055267626820237	0.009431609696663333
TCGA	2.239148761015145e-16	0.0032333256192406063	0.0009768661558030034
TCTA	5.839205565658144e-06	0.024311154192013344	0.004542305990297517
ACAG	0.0018390547632757045	0.012253316320679723	0.00838028235171313
ACCG	0.0011879587230825028	0.008585653200972316	0.0031346005842896115
ACGG	0.00011677191329470028	0.0023207863990373045	0.003103240380960411
ACTG	0.0011266875055778028	0.014657624084525528	0.0038057831076043136
CCAG	2.356132223680396e-05	0.007507865928332414	0.0020416913312361075
CCCG	7.458003913880287e-05	0.009223273657983918	0.0018400428574443066
CCGG	0.00034729589785800085	0.0016837529459135033	0.000858358017848803
CCTG	2.1802209754594154e-16	0.013804559326823725	0.003406240936164912
GCAG	9.445965477262423e-06	0.005062795208414709	0.0018362526855175065
GCCG	0.0001593166491749004	0.005299119311597411	0.007432088283895826
GCGG	0.00016480325112530042	0.0012000980912138023	0.0004621973959762016
GCTG	2.1854273864506853e-16	0.006948627605966113	0.0033544737895029116
TCAG	2.2050895953080153e-16	0.012555773907447625	0.0003989056341291014
TCCG	0.00020036663860270048	0.014137108263722225	0.0029360661315838105
TCGG	6.968471928899118e-05	0.0017747591727062032	0.00042552494326080154
TCTG	0.0015491769868072036	0.023907649558121045	0.004289393630035916
ACAT	0.02471847800101766	0.019786092747327236	0.017828244906889962
ACCT	0.0061540156802306146	0.011968479692599723	0.009205409310825132
ACGT	0.3706238987182649	0.0002753999860191005	0.007851198163829927
ACTT	0.009468128336347323	0.016966701851265833	0.010168891372170237
CCAT	0.001955296451187005	0.019464837591972938	0.04103301602289244
CCCT	0.00026219545009730064	0.01706552238322163	0.16224033796821458
CCGT	0.19338067039821746	0.0023652719954500045	0.00824184513625363
CCTT	0.00019162480322420047	0.02145168931362544	0.1444166478783385
GCAT	0.004373314569243411	0.014307899502041628	0.006823234022688225
GCCT	9.014990880145491e-05	0.011446887153543821	0.01128173188234534
GCGT	0.21642836593573053	3.9633491583786574e-18	0.001992404529700807
GCTT	3.76324715873122e-05	0.012642918423462724	0.00569062517862102
TCAT	0.0010976006505793027	0.030133857377874256	0.007534884200217327
TCCT	3.681613605853499e-05	0.023160794389502345	0.024735351656494486
TCGT	0.11045128417563527	0.002162350256400604	0.008602559550056132
TCTT	2.2145286413975754e-16	0.022596259497970842	0.01972716410040127
ATAA	0.0007838116361056019	0.006071047785989912	0.007845088965390028
ATCA	0.0022013141527095054	0.0044521750298460085	0.006104069379140922
ATGA	0.0011172805613995028	0.006899263355020613	0.005022026314759418
ATTA	0.00017945559959880043	0.010658640122378821	0.004155783003689015
CTAA	4.22647255611116e-05	0.001088298905474302	0.02062673198034227
CTCA	0.0003874488092359009	0.007631129932405215	0.021191311861149777
CTGA	0.0003184653895818008	0.0034546609105103065	0.018724595491318566
CTTA	0.0002572261132853007	0.009326136776965917	0.03124330790189101
GTAA	7.934946373534109e-05	0.0026305462229046046	0.0018914513493013068
GTCA	0.0001263460234048003	0.0034125426195608065	0.0029034774915845103
GTGA	0.0002429326879931006	0.0044238616305568084	0.00580470654487002
GTTA	0.00025726750040600064	0.005844577621924811	0.0008014857986611029
TTAA	0.006525361219127216	0.007032939979763713	0.006627713010861924
TTCA	2.234586946164335e-16	0.01048435495346432	0.0038280470719544136
TTGA	2.7741316834988168e-05	0.0050522502610653094	0.003300429050885412
TTTA	0.0022210052980166056	0.02105709555268984	0.008929633811030532
ATAC	0.0010679433541939025	0.018611244852133033	0.020361299604829172
ATCC	0.0030008946297027076	0.007360127188979714	0.007441534333713826
ATGC	0.00010388749079670025	0.01543125281425973	0.00810712796736513
ATTC	0.0056288259109135135	0.01932501106300464	0.00846141395222263
CTAC	2.1918683256111453e-16	0.01088298905474392	0.008160576001931529
CTCC	0.002464687081653606	0.009884416329768919	0.009952886281705835
CTGC	0.0003538504328686009	0.01048379756079732	0.004465866090442815
CTTC	4.21455093306054e-05	0.013667614242105226	0.01390831125955145
GTAC	0.0010260706517501027	0.005965880301757211	0.004509618217018415
GTCC	0.0018609104222414045	0.004556689561979209	0.006555273924299124
GTGC	0.0011554115648454027	0.00566775923189251	0.005160856945439018
GTTC	7.109756891065848e-05	0.0074044822211908135	0.0047642184990126174
TTAC	0.0002476141534043006	0.01006114835814732	0.004540478017889016
TTCC	0.0033969729809403084	0.007685133970743315	0.010514369290968238
TTGC	0.000412156707262601	0.006048610372311311	0.004047315135795314
TTTC	0.004274201306849711	0.010227732125592219	0.012167631656922244
ATAG	0.0001685195017627004	0.007195684507001114	0.003673018752243613
ATCG	0.00020433723300930049	0.007069331973066313	0.0024939196145419085
ATGG	0.00026265893899560065	0.008024251463415016	0.004013627392710314
ATTG	0.00010983074948120027	0.017930422635777536	0.0007822062720885028
CTAG	3.489297110277829e-05	0.0033447718654488067	0.001972556407828807
CTCG	0.00020900546452420053	0.00567828172135661	0.0014361884341916051
CTGG	0.0001258134872422003	0.005581374129986311	0.0015019729003731054
CTTG	0.00016917563604530042	0.013165128424380725	0.0009564483612546033
GTAG	2.1791786222883154e-16	0.002471720790578305	0.0003026322158882011
GTCG	2.1841211797886253e-16	0.0022285992617540043	0.0008700454888871032
GTGG	0.00034366087569760083	0.0044639873596322086	0.002565338247732809
GTTG	1.4558548472589235e-05	0.00555082935323191	0.00285446780004811
TTAG	2.165410047418745e-16	0.008344834814698615	0.002225724518573008
TTCG	5.5213336651862936e-05	0.011604043346552823	0.0024295338750004087
TTGG	0.0005776138469570014	0.008715634912515115	0.005399784532794219
TTTG	2.2012630287009253e-16	0.02506797089605925	0.007340802569878626
