index	SBS5	SBS18	SBS31
ACAA	0.012052048136705133	0.05168831991193291	0.009609121831171135
ACCA	0.009337087064532425	0.015617160603031062	0.018351300889037366
ACGA	0.0019081397471904051	0.00250466875852421	0.0017171263441314061
ACTA	0.006635871695033618	0.021469200386835988	0.006322835427448423
CCAA	0.007378521109140321	0.0734374867262268	0.010656632802061838
CCCA	0.006056582704128616	0.019320614161768477	0.011475536100190841
CCGA	0.0034676158777784097	0.012018263052898248	0.0003306789085155012
CCTA	0.006445227349291218	0.03602514561458245	0.0277877550055562
GCAA	0.010205300859288629	0.10898273788084244	0.013144759661355247
GCCA	0.007548777845071121	0.01705952316658517	0.021276950479861775
GCGA	0.0023597795773914066	0.00761873647016603	0.0009830544177000034
GCTA	0.006789124714798519	0.06197592737569705	0.0035042270836771125
TCAA	0.007894812443841923	0.07407662856481079	0.0018736476754551068
TCCA	0.009193832858511625	0.043683691673280074	0.009431609696663333
TCGA	0.0023458693144049066	0.012944499848450952	0.0009768661558030034
TCTA	0.012810853164459035	0.12298148661263249	0.004542305990297517
ACAG	0.010143807181726828	0.001736326086362007	0.00838028235171313
ACCG	0.005637859774135016	0.0025600282254335106	0.0031346005842896115
ACGG	0.001774054251441905	0.0019789975375993077	0.003103240380960411
ACTG	0.010139531636889527	0.004093193344779917	0.0038057831076043136
CCAG	0.006911777512734419	0.0006083402616645024	0.0020416913312361075
CCCG	0.008946776079225924	0.0022277851023263092	0.0018400428574443066
CCGG	0.002495480790655507	0.0035854484774479143	0.000858358017848803
CCTG	0.009464255260207326	0.003761303082073415	0.003406240936164912
GCAG	0.004682432158967713	0.0006348994362783025	0.0018362526855175065
GCCG	0.005012783196465514	0.0013213734707065053	0.007432088283895826
GCGG	0.001522763744385104	0.0006439646302164026	0.0004621973959762016
GCTG	0.0066895774315903185	0.001223601776438305	0.0033544737895029116
TCAG	0.007844590990636823	0.0021480214787086087	0.0003989056341291014
TCCG	0.007619752423630121	0.0046489066367894185	0.0029360661315838105
TCGG	0.0017441028381011048	0.0009163075089572036	0.00042552494326080154
TCTG	0.012609107445333735	0.003205583011706313	0.004289393630035916
ACAT	0.03274139743804899	0.009233641615335537	0.017828244906889962
ACCT	0.01770485788719605	0.004596189671145218	0.009205409310825132
ACGT	0.006374218182506417	0.01257488018682935	0.007851198163829927
ACTT	0.022086108515996964	0.007995772293601931	0.010168891372170237
CCAT	0.01926558674526545	0.011611062090498047	0.04103301602289244
CCCT	0.018741868302678353	0.006663640394569127	0.16224033796821458
CCGT	0.017538519613041148	0.016825568274057467	0.00824184513625363
CCTT	0.022940639717816264	0.006599647888070826	0.1444166478783385
GCAT	0.019410082026490156	0.009678466997124338	0.006823234022688225
GCCT	0.02131419626843616	0.008056433772890132	0.01128173188234534
GCGT	0.012403969573468135	0.014914986740536759	0.001992404529700807
GCTT	0.018515794676723252	0.006655199905993727	0.00569062517862102
TCAT	0.020389910001271057	0.011442731241718745	0.007534884200217327
TCCT	0.02305977707151226	0.011421882685215445	0.024735351656494486
TCGT	0.016217096564799745	0.01202717308753705	0.008602559550056132
TCTT	0.021183300508160658	0.0037801686458800153	0.01972716410040127
ATAA	0.007344732367776021	0.00247642132964031	0.007845088965390028
ATCA	0.006948775667897419	0.0008797821534232035	0.006104069379140922
ATGA	0.009079253118279725	0.0025866293962939105	0.005022026314759418
ATTA	0.006175832491187218	0.007804147275847431	0.004155783003689015
CTAA	0.00353435975793001	0.0005407697050460021	0.02062673198034227
CTCA	0.0051974106489679145	0.003062292536926612	0.021191311861149777
CTGA	0.005002105534771314	0.003202769854989013	0.018724595491318566
CTTA	0.004321236712229212	0.0022696224365523093	0.03124330790189101
GTAA	0.00364293921658581	0.0015871260458660062	0.0018914513493013068
GTCA	0.0028950945393602084	0.0019386970432963078	0.0029034774915845103
GTGA	0.0041227838324236115	0.0018344480082545073	0.00580470654487002
GTTA	0.003261512044216609	0.003502231010190314	0.0008014857986611029
TTAA	0.006223899018538317	0.010645412860992944	0.006627713010861924
TTCA	0.004213962140237811	0.0027768889399769113	0.0038280470719544136
TTGA	0.004820615007770013	0.001800219830723207	0.003300429050885412
TTTA	0.008773502888077324	0.0071142462639176285	0.008929633811030532
ATAC	0.045979218887703524	0.0020089843718367082	0.020361299604829172
ATCC	0.013436305043264936	0.0020942422558709083	0.007441534333713826
ATGC	0.038029327754198004	0.002069303517035108	0.00810712796736513
ATTC	0.038150707163302204	0.004220610261427717	0.00846141395222263
CTAC	0.013278809260019536	0.00038512381208070153	0.008160576001931529
CTCC	0.01041484985535013	0.00246184301988221	0.009952886281705835
CTGC	0.020767224575497758	0.0016163511417701065	0.004465866090442815
CTTC	0.014973587677259642	0.0025708997511389104	0.01390831125955145
GTAC	0.013996033502414337	0.0007023032752957028	0.004509618217018415
GTCC	0.007899330117704722	0.002246900162999809	0.006555273924299124
GTGC	0.015046656322714241	0.003989673810302115	0.005160856945439018
GTTC	0.013876619567008738	0.0031884473069652124	0.0047642184990126174
TTAC	0.017754387057637048	0.001774235476832107	0.004540478017889016
TTCC	0.009883471589785028	0.006286144193793925	0.010514369290968238
TTGC	0.012781171314964535	0.003278612652602113	0.004047315135795314
TTTC	0.018549691820506253	0.0033767619590707133	0.012167631656922244
ATAG	0.003841553785855711	0.0007170681842051028	0.003673018752243613
ATCG	0.0026070442621260073	0.0008597415576733035	0.0024939196145419085
ATGG	0.007904525192888222	0.0019797663456250078	0.004013627392710314
ATTG	0.004811172731037813	0.0018315855851478073	0.0007822062720885028
CTAG	0.0025858733822143073	0.00011074803922520044	0.001972556407828807
CTCG	0.004616582483958013	0.001991490898197408	0.0014361884341916051
CTGG	0.006120340704221117	0.0029234005218435116	0.0015019729003731054
CTTG	0.00733605302308692	0.004157626941295016	0.0009564483612546033
GTAG	0.0025014187536229067	0.0008629997874396035	0.0003026322158882011
GTCG	0.0017012411210673049	3.6785533642033646e-05	0.0008700454888871032
GTGG	0.005316485234025615	0.005844170430668723	0.002565338247732809
GTTG	0.0023802960571146065	0.0021661197577477085	0.00285446780004811
TTAG	0.005148772246714714	0.0006860377177084027	0.002225724518573008
TTCG	0.0066771960482996185	0.0021360684153668087	0.0024295338750004087
TTGG	0.0069843566083349195	0.0014582786338261059	0.005399784532794219
TTTG	0.013536261598747839	0.005170353622790821	0.007340802569878626
