index	SBS18	SBS40	SBS31
ACAA	0.05168831991193291	0.02832323936419425	0.009609121831171135
ACCA	0.015617160603031062	0.013254349411639324	0.018351300889037366
ACGA	0.00250466875852421	0.003011865015639606	0.0017171263441314061
ACTA	0.021469200386835988	0.014858413455546327	0.006322835427448423
CCAA	0.0734374867262268	0.02065656234250184	0.010656632802061838
CCCA	0.019320614161768477	0.014500761793835727	0.011475536100190841
CCGA	0.012018263052898248	0.002545674096797805	0.0003306789085155012
CCTA	0.03602514561458245	0.014599066338439527	0.0277877550055562
GCAA	0.10898273788084244	0.014207844260768626	0.013144759661355247
GCCA	0.01705952316658517	0.01006536629018512	0.021276950479861775
GCGA	0.00761873647016603	0.002571638766886905	0.0009830544177000034
GCTA	0.06197592737569705	0.01075145818688172	0.0035042270836771125
TCAA	0.07407662856481079	0.02611600972749105	0.0018736476754551068
TCCA	0.043683691673280074	0.021055267626820237	0.009431609696663333
TCGA	0.012944499848450952	0.0032333256192406063	0.0009768661558030034
TCTA	0.12298148661263249	0.024311154192013344	0.004542305990297517
ACAG	0.001736326086362007	0.012253316320679723	0.00838028235171313
ACCG	0.0025600282254335106	0.008585653200972316	0.0031346005842896115
ACGG	0.0019789975375993077	0.0023207863990373045	0.003103240380960411
ACTG	0.004093193344779917	0.014657624084525528	0.0038057831076043136
CCAG	0.0006083402616645024	0.007507865928332414	0.0020416913312361075
CCCG	0.0022277851023263092	0.009223273657983918	0.0018400428574443066
CCGG	0.0035854484774479143	0.0016837529459135033	0.000858358017848803
CCTG	0.003761303082073415	0.013804559326823725	0.003406240936164912
GCAG	0.0006348994362783025	0.005062795208414709	0.0018362526855175065
GCCG	0.0013213734707065053	0.005299119311597411	0.007432088283895826
GCGG	0.0006439646302164026	0.0012000980912138023	0.0004621973959762016
GCTG	0.001223601776438305	0.006948627605966113	0.0033544737895029116
TCAG	0.0021480214787086087	0.012555773907447625	0.0003989056341291014
TCCG	0.0046489066367894185	0.014137108263722225	0.0029360661315838105
TCGG	0.0009163075089572036	0.0017747591727062032	0.00042552494326080154
TCTG	0.003205583011706313	0.023907649558121045	0.004289393630035916
ACAT	0.009233641615335537	0.019786092747327236	0.017828244906889962
ACCT	0.004596189671145218	0.011968479692599723	0.009205409310825132
ACGT	0.01257488018682935	0.0002753999860191005	0.007851198163829927
ACTT	0.007995772293601931	0.016966701851265833	0.010168891372170237
CCAT	0.011611062090498047	0.019464837591972938	0.04103301602289244
CCCT	0.006663640394569127	0.01706552238322163	0.16224033796821458
CCGT	0.016825568274057467	0.0023652719954500045	0.00824184513625363
CCTT	0.006599647888070826	0.02145168931362544	0.1444166478783385
GCAT	0.009678466997124338	0.014307899502041628	0.006823234022688225
GCCT	0.008056433772890132	0.011446887153543821	0.01128173188234534
GCGT	0.014914986740536759	3.9633491583786574e-18	0.001992404529700807
GCTT	0.006655199905993727	0.012642918423462724	0.00569062517862102
TCAT	0.011442731241718745	0.030133857377874256	0.007534884200217327
TCCT	0.011421882685215445	0.023160794389502345	0.024735351656494486
TCGT	0.01202717308753705	0.002162350256400604	0.008602559550056132
TCTT	0.0037801686458800153	0.022596259497970842	0.01972716410040127
ATAA	0.00247642132964031	0.006071047785989912	0.007845088965390028
ATCA	0.0008797821534232035	0.0044521750298460085	0.006104069379140922
ATGA	0.0025866293962939105	0.006899263355020613	0.005022026314759418
ATTA	0.007804147275847431	0.010658640122378821	0.004155783003689015
CTAA	0.0005407697050460021	0.001088298905474302	0.02062673198034227
CTCA	0.003062292536926612	0.007631129932405215	0.021191311861149777
CTGA	0.003202769854989013	0.0034546609105103065	0.018724595491318566
CTTA	0.0022696224365523093	0.009326136776965917	0.03124330790189101
GTAA	0.0015871260458660062	0.0026305462229046046	0.0018914513493013068
GTCA	0.0019386970432963078	0.0034125426195608065	0.0029034774915845103
GTGA	0.0018344480082545073	0.0044238616305568084	0.00580470654487002
GTTA	0.003502231010190314	0.005844577621924811	0.0008014857986611029
TTAA	0.010645412860992944	0.007032939979763713	0.006627713010861924
TTCA	0.0027768889399769113	0.01048435495346432	0.0038280470719544136
TTGA	0.001800219830723207	0.0050522502610653094	0.003300429050885412
TTTA	0.0071142462639176285	0.02105709555268984	0.008929633811030532
ATAC	0.0020089843718367082	0.018611244852133033	0.020361299604829172
ATCC	0.0020942422558709083	0.007360127188979714	0.007441534333713826
ATGC	0.002069303517035108	0.01543125281425973	0.00810712796736513
ATTC	0.004220610261427717	0.01932501106300464	0.00846141395222263
CTAC	0.00038512381208070153	0.01088298905474392	0.008160576001931529
CTCC	0.00246184301988221	0.009884416329768919	0.009952886281705835
CTGC	0.0016163511417701065	0.01048379756079732	0.004465866090442815
CTTC	0.0025708997511389104	0.013667614242105226	0.01390831125955145
GTAC	0.0007023032752957028	0.005965880301757211	0.004509618217018415
GTCC	0.002246900162999809	0.004556689561979209	0.006555273924299124
GTGC	0.003989673810302115	0.00566775923189251	0.005160856945439018
GTTC	0.0031884473069652124	0.0074044822211908135	0.0047642184990126174
TTAC	0.001774235476832107	0.01006114835814732	0.004540478017889016
TTCC	0.006286144193793925	0.007685133970743315	0.010514369290968238
TTGC	0.003278612652602113	0.006048610372311311	0.004047315135795314
TTTC	0.0033767619590707133	0.010227732125592219	0.012167631656922244
ATAG	0.0007170681842051028	0.007195684507001114	0.003673018752243613
ATCG	0.0008597415576733035	0.007069331973066313	0.0024939196145419085
ATGG	0.0019797663456250078	0.008024251463415016	0.004013627392710314
ATTG	0.0018315855851478073	0.017930422635777536	0.0007822062720885028
CTAG	0.00011074803922520044	0.0033447718654488067	0.001972556407828807
CTCG	0.001991490898197408	0.00567828172135661	0.0014361884341916051
CTGG	0.0029234005218435116	0.005581374129986311	0.0015019729003731054
CTTG	0.004157626941295016	0.013165128424380725	0.0009564483612546033
GTAG	0.0008629997874396035	0.002471720790578305	0.0003026322158882011
GTCG	3.6785533642033646e-05	0.0022285992617540043	0.0008700454888871032
GTGG	0.005844170430668723	0.0044639873596322086	0.002565338247732809
GTTG	0.0021661197577477085	0.00555082935323191	0.00285446780004811
TTAG	0.0006860377177084027	0.008344834814698615	0.002225724518573008
TTCG	0.0021360684153668087	0.011604043346552823	0.0024295338750004087
TTGG	0.0014582786338261059	0.008715634912515115	0.005399784532794219
TTTG	0.005170353622790821	0.02506797089605925	0.007340802569878626
